dataset_id;geocat_id
ch.are.agglomerationsverkehr;f4b72bb8-aff0-4eab-b1e8-48e698c0e8fb
ch.are.alpenkonvention;8698bf0b-fceb-4f0f-989b-111e7c4af0a4
ch.are.bauzonen;055192b1-c378-4e66-8d43-c926f0be7980
ch.are.belastung-gueterverkehr-bahn;f254b380-3652-4a64-82f4-6cd42fd8f6cc
ch.are.belastung-gueterverkehr-strasse;8f35a393-5ee2-44b5-a68e-8d820e968054
ch.are.belastung-personenverkehr-bahn;6fa32c65-988d-4e09-8034-6c5abcbd4e3f
ch.are.belastung-personenverkehr-bahn_zukunft;8f947ac4-0334-4065-a55f-2563b39cd6ed
ch.are.belastung-personenverkehr-strasse;4540e0db-04c7-4509-b809-11542e7acba9
ch.are.belastung-personenverkehr-strasse_zukunft;5cd6d93e-3fbc-4ce9-b32b-136affb6baca
ch.are.erreichbarkeit-miv;f0835478-07fc-4e12-bf48-51646a59c809
ch.are.erreichbarkeit-oev;e3437f64-68e1-4b07-ae35-22597ca89cc2
ch.are.gemeindetypen;c967f055-9482-4bcb-a1bb-8de7971e7293
ch.are.gueteklassen_oev;61a79435-b986-495e-b3ea-fe97c4abd558
ch.are.landschaftstypen;27a33007-d187-41d9-97b7-6dc733a06e9b
ch.are.reisezeit-agglomerationen-miv;d23ebfb6-00a4-44d6-8463-4d34d57a5ff4
ch.are.reisezeit-agglomerationen-oev;333489d5-6ea1-468d-b1d5-bd213d9f1d0b
ch.are.reisezeit-miv;aee88d88-6fa6-445c-8d4d-5b40f592436b
ch.are.reisezeit-oev;b8193af2-bc91-4baa-92aa-64c6cbccb4a8
ch.are.windenergie-bundesinteressen;171a7520-27b2-4a60-9251-acf9b450d6b6
ch.are.wohnungsinventar-zweitwohnungsanteil;ed80ebde-99a0-4523-bc8a-4ec23426d966
ch.astra.baulinien-nationalstrassen;fce3b347-cc58-4b29-bb87-a35eed4487ea
ch.astra.hauptstrassennetz;c1333de6-fb91-4b0b-be95-8eab89b05358
ch.astra.ivs-gelaendekarte;c99e4a84-b340-4c83-ad3f-f5bcb15a1bf1
ch.astra.ivs-nat;70b6e2ac-c7ea-4699-a22e-65792aa3b0b9
ch.astra.ivs-nat_abgrenzungen;aab3c0bf-bfa3-48e0-84d7-1a7b86e04509
ch.astra.ivs-nat-verlaeufe;8c750eb5-d781-4b14-8dee-3d8943b04465
ch.astra.ivs-nat_wegbegleiter;3cf031e4-eef0-4c14-8bed-d132393dd4bc
ch.astra.ivs-reg_loc;f59f9e16-1f67-47bf-ade0-fcce715ce6fe
ch.astra.mountainbikeland;d4f1ebde-f999-4c56-b4a5-7ec8720a4052
ch.astra.mountainbikeland-sperrungen_umleitungen;fa5f0dfb-162f-4b83-828c-7b880ad5e972
ch.astra.nationalstrassenachsen;cc9bb928-851d-4ecd-8dd8-ba6abcad19a4
ch.astra.sachplan-infrastruktur-strasse_anhoerung;46c85a17-1248-46b9-bf9c-3a6c7415f74a
ch.astra.sachplan-infrastruktur-strasse_kraft;13780ac3-7340-454b-b721-fc4dd490d0fc
ch.astra.schwerverunfallte-kanton_alkohol;38ec4641-d068-49a0-bdd1-b2b11b6e6d4d
ch.astra.schwerverunfallte-kanton_geschwindigkeit;3a3ef559-8bd1-4681-b544-5a53b14bbde2
ch.astra.schwerverunfallte-kanton_jahresvergleich;164f5ce7-4870-431b-9807-242dff20b844
ch.astra.schwerverunfallte-kanton_pro_einwohner;3244a0b1-9589-43bb-b808-359c4aa13953
ch.astra.skatingland;deeb1f0f-ea25-46f0-977a-6ae1031cc55b
ch.astra.skatingland-sperrungen_umleitungen;e943182a-0126-4cfa-a02d-090dbe89e88e
ch.astra.strassenverkehrszaehlung_messstellen-regional_lokal;46d802a1-ee53-4e3a-8af6-77b322e62bf1
ch.astra.strassenverkehrszaehlung_messstellen-uebergeordnet;56b6461f-1046-412c-9e70-06fb433f0dbf
ch.astra.strassenverkehrszaehlung-uebergeordnet;4ae9023e-bba8-4807-ab5c-de97c7ee0af9
ch.astra.unfaelle-personenschaeden_alle;a76e370a-eb4c-409b-bf10-5dbda021528e
ch.astra.unfaelle-personenschaeden_fahrraeder;b3f51682-cb44-46ce-b215-ac5b5f996286
ch.astra.unfaelle-personenschaeden_fussgaenger;578457c1-debb-41b9-8f2c-18d33148cfa5
ch.astra.unfaelle-personenschaeden_getoetete;7ef105ec-9192-4029-abb6-7112f0f4187b
ch.astra.unfaelle-personenschaeden_motorraeder;2e3c55c6-b8cf-4822-bdd4-2fd368697c93
ch.astra.veloland;16d16fa3-a416-4e8b-99fc-69c7267f134d
ch.astra.veloland-sperrungen_umleitungen;c1293eab-eeb0-45a5-b79f-0909129c7e5a
ch.astra.wanderland;95638869-ef86-4e95-ae60-20e84e8dca8c
ch.astra.wanderland-sperrungen_umleitungen;b440815a-07e5-48db-959d-cb2ca4458f3a
ch.babs.kulturgueter;c1a6591c-31a8-416a-a871-666eeeb7dc91
ch.bafu.alpweiden-herdenschutzhunde;88ec92d4-409f-40ee-9c46-83aa4fb992aa
ch.bafu.amphibienwanderung-verkehrskonflikte;8dc1e2a5-eab0-467a-a570-d994830f8340
ch.bafu.aquaprotect_050;e7f4931d-2010-4ab2-b4ef-edbc47074ca9
ch.bafu.aquaprotect_100;a71453bf-e515-4f70-98cc-c939510dd4b1
ch.bafu.aquaprotect_250;a889473d-cbe4-454c-838b-aac6b174e46e
ch.bafu.aquaprotect_500;7609e210-80c7-4acc-b7b4-b569f0e5679e
ch.bafu.auen-ausserhalb_bundesinventar;feff7d50-4917-40d0-bcbe-675680d4aa0e
ch.bafu.auen-ausserhalb_bundesinventar_alpin;ecee1c92-9d66-41c7-af14-900902f54527
ch.bafu.auen-vegetationskarten;ab76361f-657d-4705-9053-95f89ecab126
ch.bafu.biogeographische_regionen;fc110d43-cfbc-4029-a73c-f24bd67c9689
ch.bafu.bundesinventare-amphibien;1b48774e-1047-4e8f-b743-769a2b3901cb
ch.bafu.bundesinventare-amphibien_anhang4;2a701f93-3bd3-4068-a6a8-59d7383a3b30
ch.bafu.bundesinventare-amphibien_wanderobjekte;36a55486-04be-4533-9936-9c05407114a1
ch.bafu.bundesinventare-auen;d47dffc7-8072-40c2-bbf7-4fb47367bd29
ch.bafu.bundesinventare-auen_anhang2;5b5b3700-245d-4c15-aabb-5fb177860db5
ch.bafu.bundesinventare-auen_vegetation_alpin;24ff96e5-0cda-485b-9ec0-365960a11190
ch.bafu.bundesinventare-bln;bc3f1564-1e56-44e9-98b6-f0d8c5130410
ch.bafu.bundesinventare-flachmoore;c98723f6-4c76-480b-bada-c8a5ce3d20d8
ch.bafu.bundesinventare-hochmoore;2ce98519-dd40-4cc1-bd95-8f4234d78492
ch.bafu.bundesinventare-jagdbanngebiete;200a2d0e-afe1-45d8-aeaf-ea3621cc6afe
ch.bafu.bundesinventare-moorlandschaften;7ed73e2f-0a41-4e8b-a7ff-413f2d9b5ece
ch.bafu.bundesinventare-trockenwiesen_trockenweiden;8fa24249-1ad0-48d3-a879-6ba6893db1d7
ch.bafu.bundesinventare-trockenwiesen_trockenweiden_anhang2;9391d96a-280b-4e7b-bcc7-7836007b30f1
ch.bafu.bundesinventare-vogelreservate;8fc6f748-80ce-47b2-8d49-b05a0c8ba975
ch.bafu.erosion-gruenland_bodenabtrag_apr;6007a86c-7e1d-4f3c-a7d9-4eae01cac9c0
ch.bafu.erosion-gruenland_bodenabtrag_aug;6672872c-a579-42e1-b7d4-35d706b61cfb
ch.bafu.erosion-gruenland_bodenabtrag_dez;b7a8ae3e-5ce7-429e-9783-4c4cd02481b9
ch.bafu.erosion-gruenland_bodenabtrag_feb;2ed54e2b-e0da-406b-a7d0-5b0fbcd7f62b
ch.bafu.erosion-gruenland_bodenabtrag_jan;86e14673-a4f0-49c1-8945-27b5c9134fea
ch.bafu.erosion-gruenland_bodenabtrag_jul;05ab7dfa-9155-4575-a0a3-fdffd52f05d3
ch.bafu.erosion-gruenland_bodenabtrag_jun;3d738c4e-26d1-4688-9d4d-3c405214bf77
ch.bafu.erosion-gruenland_bodenabtrag_mai;8162b6fe-e9e4-4864-9f17-72e372a5f55a
ch.bafu.erosion-gruenland_bodenabtrag_mrz;7225cd4b-363a-44a0-822c-9c37e0a6930b
ch.bafu.erosion-gruenland_bodenabtrag_nov;7681e749-7e18-4304-ba20-c9ca757a8794
ch.bafu.erosion-gruenland_bodenabtrag_okt;256be392-6fa9-4595-b0a3-9390c039bb80
ch.bafu.erosion-gruenland_bodenabtrag_sep;4dc18e2d-e3e4-415b-b141-2c61feb1da52
ch.bafu.fauna-steinbockkolonien;9c762bb5-4d8c-4174-9b77-95e85b962439
ch.bafu.fauna-vernetzungsachsen_national;6241112d-25c1-48bb-a6bf-c8b98805b5fc
ch.bafu.fauna-wildtierkorridor_national;df8e620a-6f8a-41f8-85fb-394d6ceda8a0
ch.bafu.feststoffe-geschiebemessnetz;05ba053f-60ca-492b-a1f5-bd70f6de8761
ch.bafu.fischerei-aeschen_kernzonen;befea12b-b27b-40dd-920d-9c4d2eafc7fb
ch.bafu.fischerei-aeschen_laichplaetze;53c8a8bb-67ab-4525-8b64-011079e63294
ch.bafu.fischerei-aeschen_larvenhabitate;30c248d4-46c6-4afc-a949-d26623c8b0e6
ch.bafu.fischerei-aeschen_verbreitungsgebiet;ea67adf4-0f51-4f9a-ae5d-35d950f35d76
ch.bafu.fischerei-krebspest;722d70aa-8404-47ca-ae5d-1e521e4229e9
ch.bafu.fischerei-nasenlaichplaetze;d8730e9f-fdd3-41aa-91c2-cdde00176fdd
ch.bafu.fischerei-proliferative_nierenkrankheit;c653e1b5-4e2c-4ecf-ac11-008cf4b5a209
ch.bafu.flora-schwingrasen;a46d05f2-036f-4ddb-8583-c6822fe9246b
ch.bafu.flora-verbreitungskarten;5030c188-ef5c-48d6-aa06-330b7744547e
ch.bafu.flora-weltensutter_atlas;09e50e6f-67ec-4892-b993-94686b0d9739
ch.bafu.flussordnungszahlen-strahler;e8b4794c-7045-4970-85eb-6caba4384976
ch.bafu.gefaehrdungskarte-oberflaechenabfluss;6b59f9ee-9e5f-4b12-86cf-f8afb539ae5d
ch.bafu.gefahren-aktuelle_erdbeben;85b7cf2d-0feb-4e75-81d7-9e245ec4bf24
ch.bafu.gefahren-baugrundklassen;812485e6-821c-412d-8504-459c6b314d1c
ch.bafu.gefahren-gefaehrdungszonen;239a4b60-9478-4120-87d9-5671c4516269
ch.bafu.gefahren-historische_erdbeben;3d1d7649-8c27-435c-ae74-7c0f2e3fbcf1
ch.bafu.gefahren-spektral;a869c0d0-ff03-4cbf-93e8-c568f01bf9bc
ch.bafu.gewaesserschutz-badewasserqualitaet;5601eb96-45cb-40a4-a595-2ec0ebda8e8c
ch.bafu.gewaesserschutz-biologischer_zustand_diatomeen;04193332-3a11-4fa6-bdc0-1bee0deb4bc1
ch.bafu.gewaesserschutz-biologischer_zustand_fische;16a81f2f-c2ce-4f6b-adf5-60c9a246819e
ch.bafu.gewaesserschutz-biologischer_zustand_makrophyten;0ecdff3c-29b0-4556-a641-2e95d54cd406
ch.bafu.gewaesserschutz-biologischer_zustand_makrozoobenthos;b0b3a9f3-0a3f-4177-ba89-ad21c8b39a10
ch.bafu.gewaesserschutz-chemischer_zustand_ammonium;35fe15e6-ea42-467e-928c-ce2b75512972
ch.bafu.gewaesserschutz-chemischer_zustand_doc;7ecace17-ab1a-4629-b80c-cb8599e8d07b
ch.bafu.gewaesserschutz-chemischer_zustand_nitrat;e1a5a3ea-483e-4ccc-968e-0026d7df5e61
ch.bafu.gewaesserschutz-chemischer_zustand_nitrit;cbe62982-11ff-46c1-9264-4b3bb67a7743
ch.bafu.gewaesserschutz-chemischer_zustand_phosphat;4c2c25da-35fe-40a8-97be-feb29051a170
ch.bafu.gewaesserschutz-chemischer_zustand_phosphor_gesamt;359e590e-4c29-494a-80ba-182a9682173c
ch.bafu.gewaesserschutz-diffuse_eintraege_phosphor;9c4bf1ae-ee0a-491c-9ce3-156a3001a954
ch.bafu.gewaesserschutz-diffuse_eintraege_stickstoff;9b7dc233-813b-490b-b13c-3b3ab787e11f
ch.bafu.gewaesserschutz-klaeranlagen_anteilq347;4e8a2a6b-9ede-4107-9b50-6e9af7389144
ch.bafu.gewaesserschutz-klaeranlagen_ausbaugroesse;5e06e47a-8d78-440f-b98e-e46cfa52c474
ch.bafu.gewaesserschutz-klaeranlagen_reinigungstyp;c80d9b2e-522e-45cb-a587-c5fe028d63df
ch.bafu.grundwasserkoerper;2bd1ab86-83ec-4c3e-b937-ab81b4968bc6
ch.bafu.hydrogeologie-markierversuche;fedac2fe-5f2b-4b4f-a21d-3c9fc216c496
ch.bafu.hydrogeologie-uebersichtskarte;e238580b-a03d-45c2-9ea6-f6634ff9c64c
ch.bafu.hydrogeologische-karte_100;b01523a1-9f61-43a2-95cb-be843cc1b18a
ch.bafu.hydrologie-daueruntersuchung_fliessgewaesser;89a644dc-b73d-4d01-b72e-8feefc8f4bf7
ch.bafu.hydrologie-gewaesserzustandsmessstationen;f48022fc-52a9-4303-95c7-18f5096f1a00
ch.bafu.hydrologie-hochwassergrenzwertpegel;36bcd44f-fd6e-49cd-a220-a6e9f386028e
ch.bafu.hydrologie-hochwasserstatistik;74936192-7935-4686-86ad-c7c795d31b44
ch.bafu.hydrologie-hydromessstationen;bd377507-c61d-4fe2-bf81-9605b405d8ad
ch.bafu.hydrologie-messstationen_gefahren;acca4141-17e4-46a2-8bc8-f4456fb2d822
ch.bafu.hydrologie-niedrigwasserstatistik;5cfc8b95-c901-44b9-baa3-b768a5edb647
ch.bafu.hydrologie-q347;83e6752a-e668-4ade-9ad5-fd9d555d35da
ch.bafu.hydrologie-untersuchungsgebiete;eb6b589d-1184-441f-84cf-d4fa6ac46a38
ch.bafu.hydrologie-untersuchungsgebiete_stationen;9ce0ce29-35b2-4fdd-bfc8-247e189dca8f
ch.bafu.hydrologie-wassertemperaturmessstationen;4f10c35a-8fac-4000-ab6d-7a294284059a
ch.bafu.hydrologischer-atlas_basisgebiete;f9e7ce17-3622-4ae4-8cbb-067011d5eed5
ch.bafu.hydrologischer-atlas_bilanzgebiete;52d0c066-65dd-4dd1-ac94-2b34f83a9bd6
ch.bafu.hydrologischer-atlas_flussgebiete;edff6d33-ba8c-441e-b8bd-7ab4969d4440
ch.bafu.hydrologischer-atlas_kantonale-messstationen;48143f81-0076-463f-a71d-b888cc7fe01b
ch.bafu.hydroweb-messstationen_gefahren;7c64e2fa-1afe-41f4-9f91-ed251079965c
ch.bafu.hydroweb-messstationen_grundwasser;6146dc21-18b6-4d94-8865-8c2b99256e1b
ch.bafu.hydroweb-messstationen_grundwasserzustand;f87d692e-8d65-4188-94ba-61b4c61d621c
ch.bafu.hydroweb-messstationen_temperatur;eb9d3cc1-0c04-4cda-9f21-7742b8376be7
ch.bafu.hydroweb-messstationen_vorhersage;6655ccdb-fb9b-4049-8bf5-4d5a0b3bfe4f
ch.bafu.hydroweb-messstationen_zustand;b034fd62-6405-44a7-969a-e1f5ebe873ee
ch.bafu.hydroweb-warnkarte_national;e1d0c17a-0dbd-4455-bc83-1606e1e04298
ch.bafu.hydroweb-warnkarte_regional;a81982a8-ab5f-41ae-8ce8-3fa524dfe963
ch.bafu.karst-ausdehnung_grundwasservorkommen;4ea295bb-a098-492b-84f8-e7687737fb35
ch.bafu.karst-einzugsgebiete;01811bd5-7f55-4c89-92f2-78fcd379affa
ch.bafu.karst-einzugsgebietseinheiten;fa918831-97d1-4486-a348-c891f4e900ad
ch.bafu.karst-quellen_schwinden;1786c0cc-8aac-44b1-880c-aa627de09c1e
ch.bafu.karst-unterirdische_fliesswege;7db32f1d-691d-4d2d-a842-ee188210acf6
ch.bafu.laerm-bahnlaerm_nacht;93814e81-2466-4690-b54d-c1d958f1c3b8
ch.bafu.laerm-bahnlaerm_tag;c335f61e-1e94-4a59-b0e7-94bb158f5a48
ch.bafu.laerm-strassenlaerm_nacht;89a0b0bc-10ff-4e3e-a4e4-36d081e2e672
ch.bafu.laerm-strassenlaerm_tag;87f3f029-4685-4d51-9de2-2a409b32aff5
ch.bafu.landesforstinventar-produktionsregionen;3cc48f49-5641-4bd9-a5a9-22ab01063147
ch.bafu.landesforstinventar-schutzwaldregionen;3f0550c4-bbfa-4fcd-89ba-217e26b20b71
ch.bafu.landesforstinventar-vegetationshoehenmodell;8b7c23ef-88a4-47d6-87dc-6f5b5d91928c
ch.bafu.landesforstinventar-waldmischungsgrad;b07a4589-159b-4c3a-b1e7-dbdad11f7e62
ch.bafu.landesforstinventar-wirtschaftsregionen;5a1886a3-b107-4794-8784-3077e67dc568
ch.bafu.luftreinhaltung-ammoniakkonzentration;47b30108-d19e-4ac1-ab93-cba6a777003b
ch.bafu.luftreinhaltung-stickstoffdeposition;e96fe990-b20e-489e-b213-dc8c1fa6e255
ch.bafu.luftreinhaltung-stickstoff_kritischer_eintrag;95e73bc3-da75-4356-9b04-2cc7c3b1cec9
ch.bafu.mittlere-abfluesse;75c48c9d-34ec-4a11-bdd8-6dc019f0ec9e
ch.bafu.mittlere-abfluesse_zukunft;144e7781-cfff-404c-ae9c-474525ed9a1f
ch.bafu.moose;07b046a7-1b21-4cd0-b605-a113f2e5e94d
ch.bafu.nabelstationen;14de1375-09ae-42b4-9592-5f0af091d050
ch.bafu.naqua-grundwasser_nitrat;ea282e54-364b-4023-87c1-cdccbac295b1
ch.bafu.naqua-grundwasser_voc;c5f01eb1-d755-4450-bc4f-3871589de62f
ch.bafu.neophyten-amerikanische_kermesbeere;6b47b850-b095-4a7b-9c5c-b116dca99a11
ch.bafu.neophyten-amerikanischer_stinktierkohl;7401635a-ad22-473a-a9b8-17165f6c814e
ch.bafu.neophyten-armenische_brombeere;c02da032-7b8e-4342-b227-a596455dd8b7
ch.bafu.neophyten-aufrechtes_traubenkraut;2a65e6b4-2b76-4fb6-91c1-ad890cb0a906
ch.bafu.neophyten-auslaeuferbildendes_fettkraut;d13289ba-96c2-456f-affb-02a3069bb505
ch.bafu.neophyten-balfours_springkraut;97baf479-04bc-4cdc-ad4a-e1e01553df68
ch.bafu.neophyten-bastardindigo;6ec3f114-b0fe-4bc0-8100-554ccc29ca83
ch.bafu.neophyten-bastard_staudenknoeterich;4e7b2bb9-7456-4a4c-b525-5fedc6665277
ch.bafu.neophyten-besen_radmelde;717a8bc4-e8da-4f7d-a4a0-36d06b638182
ch.bafu.neophyten-blauglockenbaum;eb65c909-1278-43aa-962a-e048ee1863ce
ch.bafu.neophyten-brasilianisches_tausendblatt;2ce40229-35b5-4374-9346-ac4b1ce6d374
ch.bafu.neophyten-carolina_nachtschatten;93a43591-f202-440f-88bf-4e77f654666b
ch.bafu.neophyten-chinesische_samtpappel;3f58eb56-10ef-4170-ba7c-0e9a9b780751
ch.bafu.neophyten-druesiges_springkraut;8b98dde1-c413-4ceb-9477-470b36ca9dfe
ch.bafu.neophyten-einjaehriges_berufkraut;351e94e5-d72c-45d2-8170-400902a46d42
ch.bafu.neophyten-essbare_kermesbeere;acd81477-68ac-4136-866e-ed394d601d4c
ch.bafu.neophyten-essbares_zypergras;b75b0103-9433-4bf5-bbc3-e5f5c127b5d4
ch.bafu.neophyten-essigbaum;1baf4c76-c7a8-4d33-bd53-563c2ffbe432
ch.bafu.neophyten-felsen_greiskraut;e0dcb004-bfd3-454d-a60e-f61a6b5b0b1e
ch.bafu.neophyten-fortunes_hanfpalme;46a2cd84-82af-4c34-b45c-881cd3fc0491
ch.bafu.neophyten-gestreiftes_suessgras;bb03e246-e1e0-4a05-a20c-c004047ab871
ch.bafu.neophyten-gewoehnliche_jungfernrebe;a12187bd-a0dc-4e8a-9884-4b4e9611eb91
ch.bafu.neophyten-glattes_zackenschoetchen;ceee155b-d191-4e73-8f51-4419d227b9a6
ch.bafu.neophyten-goetterbaum;3e6ea819-319c-4f72-bc3f-7e9a2bea6d24
ch.bafu.neophyten-grossbluetiges_heusenkraut;07c2d5f7-f908-4067-9db3-a43aa95f28e1
ch.bafu.neophyten-grosser_wassernabel;208f375a-9bd6-4f1a-9228-8c200f0e4bbb
ch.bafu.neophyten-haargurke;ffdd90e3-55a6-4924-bf64-b9904f5d2437
ch.bafu.neophyten-henrys_geissblatt;011f2b38-a7e3-49c9-a40f-99d5f0548928
ch.bafu.neophyten-herbst_traubenkirsche;e3935c69-5dbd-4196-9197-0f725d557845
ch.bafu.neophyten-igelgurke;fd69e7f3-22f7-4497-bb1f-4d21c892d9b2
ch.bafu.neophyten-japanischer_staudenknoeterich;80daeffb-34ec-4c35-8b6c-b34bda79a3db
ch.bafu.neophyten-japanisches_geissblatt;a5bd8033-8457-486b-b099-2e6f3f7864a8
ch.bafu.neophyten-kanadische_goldrute;ef8df535-27b5-4031-a967-9e9b93befd8f
ch.bafu.neophyten-kanadische_wasserpest;ae20bec0-b123-41a3-b508-02d6c1303595
ch.bafu.neophyten-karolina_haarnixe;dc375985-e3c2-4d7e-a3c3-f13b91ef4a68
ch.bafu.neophyten-kaukasus_fettkraut;d628a1a7-bd94-4789-906c-99b8abd06c45
ch.bafu.neophyten-kirschlorbeer;1b6ad787-5f95-42b4-8340-e62179de313e
ch.bafu.neophyten-kletternder_giftsumach;cdabe2f9-7688-42a2-8c8c-d4f8b2a42fc7
ch.bafu.neophyten-kopoubohne;c6be015b-c317-4f08-8f0b-72703e29377e
ch.bafu.neophyten-mahonie;aac71816-fe8f-4621-aa32-fb51444edfdf
ch.bafu.neophyten-nadelkraut;3a4b34cb-354c-44ba-87df-ca8dbe7c2e20
ch.bafu.neophyten-nuttalls_wasserpest;d4de71b5-a275-4475-b3e9-dc35e2aba4cf
ch.bafu.neophyten-portulak_heusenkraut;01a84c21-44b3-4bd4-be2b-e6def443a08f
ch.bafu.neophyten-riesenbaerenklau;98b43c26-0f11-4c58-af85-b007712b17b0
ch.bafu.neophyten-robinie;b5012ebd-8eef-46ef-b0e1-b9a848f10dbc
ch.bafu.neophyten-runzelblaettriger_schneeball;c128b3e5-6620-41f0-a8f7-3cb7dd228f99
ch.bafu.neophyten-sachalin_staudenknoeterich;ae7db8c9-3bb8-43ca-a5d1-99de05cd8d32
ch.bafu.neophyten-schmetterlingsstrauch;b0658eec-d604-4490-910c-e7117c0444bb
ch.bafu.neophyten-seidiger_hornstrauch;93c4e4a5-dc4d-40bc-9a79-728f133abcbb
ch.bafu.neophyten-spaetbluehende_goldrute;407f5593-f5a3-497d-a5fa-97354027085c
ch.bafu.neophyten-suedafrikanisches_greiskraut;a7579e76-c854-431b-ab03-6e773c2da82e
ch.bafu.neophyten-syrische_seidenpflanze;c0858914-d721-42a3-b856-a3b786d99762
ch.bafu.neophyten-topinambur;3d459271-5d29-4454-b416-3cdcc15bff7f
ch.bafu.neophyten-verlotscher_beifuss;9c64b6c9-57a6-4da6-b46c-df7f5fb4706e
ch.bafu.neophyten-vielaehriger_knoeterich;e125626e-bd88-4401-94f7-b41f7f09b835
ch.bafu.neophyten-vielblaettrige_lupine;e3af5881-4a91-42aa-bec8-ba759279f3f1
ch.bafu.niederschlagserosivitaet-apr;42bdfe82-dd78-466c-acc5-146ac9651bb3
ch.bafu.niederschlagserosivitaet-aug;389736f8-514d-4c68-8a9b-1533b97c0dd6
ch.bafu.niederschlagserosivitaet-dez;aa833371-8fed-4cb6-bb1d-6053e8838021
ch.bafu.niederschlagserosivitaet-feb;053bcacc-0ae4-4e03-9a79-9e0ecb56cd77
ch.bafu.niederschlagserosivitaet-jan;ca83b114-938b-4f52-8556-eb2844b4b00c
ch.bafu.niederschlagserosivitaet-jul;7fd70db8-3128-4734-99ac-b1cf46cfcad8
ch.bafu.niederschlagserosivitaet-jun;1c8c4639-c783-4f76-954d-d0f82e07ed28
ch.bafu.niederschlagserosivitaet-mai;a554eed4-2a20-4d7e-a2ee-cc29832f4c46
ch.bafu.niederschlagserosivitaet-mrz;c91931dd-73a0-47d0-aef2-7939625fa3b3
ch.bafu.niederschlagserosivitaet-nov;d7470deb-cc45-404d-8977-85fbee610217
ch.bafu.niederschlagserosivitaet-okt;73d7de96-ba8c-4b89-946a-97733df8f4f9
ch.bafu.niederschlagserosivitaet-sep;5eda53ff-5566-4a22-964c-7855583f6a81
ch.bafu.oekomorphologie-f_abschnitte;ea12e280-75cf-4b71-90f0-d2bcc9d7fdfa
ch.bafu.oekomorphologie-f_abstuerze;1ec44d95-573a-489c-9a57-7bc278cc6792
ch.bafu.oekomorphologie-f_bauwerke;5742b03b-d567-4acb-a84d-a3069faaa396
ch.bafu.permafrost;71d087ef-6531-4131-98ea-88ff655d8a63
ch.bafu.ren-extensive_landwirtschaftsgebiete;d60ff6a8-4b80-4535-aa89-cfad26916b80
ch.bafu.ren-feuchtgebiete;8bc1565a-023e-490c-9526-fa04a14169ab
ch.bafu.ren-fliessgewaesser_seen;32dfd304-28de-4e82-ad8d-8d6cb6b5fe83
ch.bafu.ren-trockenstandorte;b5f7374b-2f4b-4d28-a23c-eb2d2a64b579
ch.bafu.ren-wald;a193df6d-071c-4a1d-bb64-0921cc916f2f
ch.bafu.schutzgebiete-aulav_auen;54d007ed-2ab9-4cb3-9b41-b3c74a519eae
ch.bafu.schutzgebiete-aulav_jagdbanngebiete;e3cf990a-23d5-4876-b279-206f9eb5f4c9
ch.bafu.schutzgebiete-aulav_moorlandschaften;947f9c40-eef0-497a-90f2-9acf59a25f0c
ch.bafu.schutzgebiete-aulav_uebrige;3e13af56-e32b-4092-a6eb-2adb6d3967cb
ch.bafu.schutzgebiete-biosphaerenreservate;c212a19c-6e06-4ca4-bdee-3ec62ccd7b1e
ch.bafu.schutzgebiete-luftfahrt;c3f513a7-f860-4894-a139-6218a9697519
ch.bafu.schutzgebiete-paerke_nationaler_bedeutung;b1fb8e29-8387-4081-9976-022ff925823b
ch.bafu.schutzgebiete-paerke_nationaler_bedeutung_perimeter;bc4bd921-cec6-4f29-a784-29049c9f8026
ch.bafu.schutzgebiete-ramsar;d960a5c8-44e4-4d10-a9f6-95f58568563c
ch.bafu.schutzgebiete-schweizerischer_nationalpark;d1359dad-6edf-4275-ada0-2e33be8945b2
ch.bafu.schutzgebiete-smaragd;d31b13f3-f68f-4432-a1f8-5344046c2dd2
ch.bafu.schutzgebiete-wildruhezonen;35f25047-ea29-4422-9497-3dac46e00eb9
ch.bafu.silvaprotect-hangmuren;e1f63878-1ddd-4a51-9d3b-f0f077990357
ch.bafu.silvaprotect-lawinen;8e350471-6259-4142-ad00-d99ddcefd2a4
ch.bafu.silvaprotect-murgang;36f3b788-9d79-40f4-a69e-8c742729a745
ch.bafu.silvaprotect-sturz;238d97d6-8853-4e26-af30-dc5cbadd58dc
ch.bafu.silvaprotect-uebersarung;7c608bf9-bddf-490b-8a46-3415f3c74cf3
ch.bafu.strukturguete-hochrhein_linkesufer;536e1742-182c-4fb3-a067-12899be38afa
ch.bafu.strukturguete-hochrhein_linkesumfeld;9b3f9ceb-3072-410f-b8ab-033ee151991c
ch.bafu.strukturguete-hochrhein_rechtesufer;0486c8a6-620b-4983-9e2e-7f91fd42c0d6
ch.bafu.strukturguete-hochrhein_rechtesumfeld;0343f09b-8638-4694-91d6-c2b2ba1b124d
ch.bafu.strukturguete-hochrhein_sohle;06c4d44c-2e9a-4ee2-8926-6457bb78dce2
ch.bafu.sturm-boeenspitzen_100;4d1d17aa-2b92-42a9-b847-d6597631a264
ch.bafu.sturm-boeenspitzen_30;83d7e62e-2e5e-4877-8434-93f0cabc6438
ch.bafu.sturm-boeenspitzen_300;a7956843-bc72-4271-b238-72fb4a21baa0
ch.bafu.sturm-boeenspitzen_50;17531a73-040c-4bd8-8d77-3f24c733b37a
ch.bafu.sturm-staudruck_100;4200db1b-16dd-48bb-8378-75afe4ec002b
ch.bafu.sturm-staudruck_30;6edc63b6-f56b-4fb6-8ba3-1506bea16ec8
ch.bafu.sturm-staudruck_300;d416fce6-2319-4afc-9d28-3455083b2f40
ch.bafu.sturm-staudruck_50;41ace4c6-967d-4b99-b7aa-a0e51bc63611
ch.bafu.swissprtr;980b541f-f651-439b-ad0c-ec0f7f10e514
ch.bafu.typisierung-fliessgewaesser;50a848cc-fe89-426a-940b-cc409cb4ff50
ch.bafu.unesco-weltnaturerbe;4a571da5-c3af-47fe-99a1-f33fc29d1cd9
ch.bafu.vec25-gewaessernetz_2000;30b22e49-7ef5-4fa6-b957-7b38cc3beb27
ch.bafu.vec25-seen;b3bcb280-b613-4b43-8889-bc386e621e0d
ch.bafu.waldreservate;4b9ff750-3e52-43e9-80d1-c07c59c469fd
ch.bafu.waldschadenflaechen-lothar;82f9d51a-7050-4ef2-8bcf-6364967eb845
ch.bafu.waldschadenflaechen-vivian;34fdf24c-b275-4d48-852b-f79d86358318
ch.bafu.wald-standortsregionen;cea10afc-8e6d-4a57-aeaf-01a49364ed14
ch.bafu.wald-tannenareale;5d6af36c-f883-4421-a2f0-a1934ca60a69
ch.bafu.wald-vegetationshoehenstufen_1975;195c406f-8f07-45af-b705-9bddb97d4f01
ch.bafu.wald-vegetationshoehenstufen_1995;5de3fb01-5d2e-4fbd-9397-a2bcd97977e7
ch.bafu.wald-vegetationshoehenstufen_2085_trocken;e5831dd1-301a-4c5a-aa9d-4d68ea8435ac
ch.bafu.wald-vegetationshoehenstufen_2085_weniger_trocken;c63a8513-7d77-4e11-9f6f-8d36debb036b
ch.bafu.wald-wasserverfuegbarkeit_boden;843579c9-927b-4691-b4b4-aa3a90c98007
ch.bafu.wald-wasserverfuegbarkeit_pflanzen;668e4c81-5926-4457-9097-b362244b2660
ch.bafu.wasserbau-querprofilmarken;a5bdee12-cbec-4fbd-ba88-91f0d4ae8c10
ch.bafu.wasserbau-vermessungsstrecken;80a307f9-c24b-4ec2-adab-9e0c9e251f88
ch.bafu.wasser-entnahme;a4ecf3a4-9943-4826-a997-9d7523e4d8ad
ch.bafu.wasser-gebietsauslaesse;1a4d7eee-5135-4895-a255-e1dfd1fd6ff9
ch.bafu.wasser-leitungen;ae65e4e3-f47b-4544-a3a2-81dbf79d5a73
ch.bafu.wasser-rueckgabe;ed1931ac-81bc-4517-9860-80090e530e33
ch.bafu.wasser-teileinzugsgebiete_2;6d9c8ba5-2532-46ed-bc26-0a4017787a56
ch.bafu.wasser-teileinzugsgebiete_40;102e547e-6210-46ea-9246-123f966ba9be
ch.bafu.wasser-vorfluter;300a3547-7b21-40a1-85d4-5d5387e81afc
ch.bafu.wrz-jagdbanngebiete_select;35f25047-ea29-4422-9497-3dac46e00eb9
ch.bafu.wrz-wildruhezonen_portal;4a0c8bc7-89d1-484e-a34a-454a31267c41
ch.bag.radioaktivitaet-atmosphaere;170800fb-e85c-42b7-8c4b-ba33b364b79f
ch.bag.radonkarte;54a8a239-ace3-4510-8fd4-7b4ddc370727
ch.bag.zecken-fsme-faelle;836e4e0e-f2b5-4cbc-a20a-62fca7fd2ebe
ch.bag.zecken-fsme-impfung;c5b6314d-91ac-466b-ab97-4b7c3c6e5f94
ch.bag.zeckenstichmodell;a30c52be-0d18-4b5f-8872-5981b0666376
ch.bak.bundesinventar-schuetzenswerte-ortsbilder;954451d0-f68a-4785-92e1-60aff077dd91
ch.bak.bundesinventar-schuetzenswerte-ortsbilder_fotos;b9c1d690-008f-494c-a47f-ec96d9a8d84f
ch.bakom.anbieter-eigenes_festnetz;b9b367de-baf0-47d9-b642-bd0f7f29c842
ch.bakom.anschlussart-glasfaser;89c839ce-d778-4f53-be64-68bdc458e8c0
ch.bakom.anschlussart-koaxialkabel;aed73a77-fc04-4406-8ba3-fd998e2625db
ch.bakom.anschlussart-kupferdraht;fdb8b91e-1cc5-4c7a-8db7-3e3833e8a486
ch.bakom.downlink10;662ddb1a-b016-4d66-97dc-3f97fe092d39
ch.bakom.downlink100;0be906d8-ce6d-436c-8690-749a892ef5bb
ch.bakom.downlink1000;0b4dec69-5c20-4288-b487-a8f2bc33db70
ch.bakom.downlink30;fea5aba3-377a-4af1-a848-1f3d11238ff8
ch.bakom.downlink300;4f2bd604-1454-4371-aeed-bdf200b00df1
ch.bakom.downlink500;47528be7-774e-4e3e-af3d-3bb5d54f35fc
ch.bakom.mobil-antennenstandorte-5g;43814de7-42b6-4f33-a4d5-cdca8ca0d6cd
ch.bakom.mobil-antennenstandorte-gsm;1d7e059a-3d60-4876-905c-722cb469ac1d
ch.bakom.mobil-antennenstandorte-lte;4399b61b-23d9-49a8-ba8b-dd2452adbc7c
ch.bakom.mobil-antennenstandorte-umts;312ddf6a-52b1-4bd9-9610-f0e3707dedff
ch.bakom.mobilnetz-2g;06e8324a-03f6-4e2d-b5f9-202fdcffc929
ch.bakom.mobilnetz-3g;f424dac9-9157-4557-9a28-09b068ddb8f9
ch.bakom.mobilnetz-4g;4d42230c-c187-40d2-9b16-4dc247a2e154
ch.bakom.mobilnetz-5g;f28fedfa-64ad-43c3-9767-b11deabc886f
ch.bakom.notruf;7f3287d8-6ae7-491c-b8e1-1d9f81b194b4
ch.bakom.notruf-112_festnetz;415a014c-b3f6-40bd-8b38-c955e9e214e6
ch.bakom.notruf-112_mobilnetz;261dd9f1-3387-4bd9-b093-21cc7bf23970
ch.bakom.notruf-112_satellit;29139f7c-2b57-43de-b308-38666acfa0b9
ch.bakom.notruf-112_zentral;cb6d8528-ef3d-4412-8962-03f5ce6bfad3
ch.bakom.notruf-117_festnetz;33185a17-c810-41e0-aacd-3f3d44e410bd
ch.bakom.notruf-117_mobilnetz;b8bc1b3f-ea78-4254-b093-91d97894623d
ch.bakom.notruf-117_zentral;5ee5430f-1bd8-4027-a3fa-9df0d716da61
ch.bakom.notruf-118_festnetz;48964dfd-eaaa-4443-a281-6a91d6692073
ch.bakom.notruf-118_mobilnetz;c7baa23e-f09f-4940-a100-ab5321d67461
ch.bakom.notruf-118_zentral;cfad6c18-ac21-44d2-9eec-efb7f62a9be8
ch.bakom.notruf-143_festnetz;1a30baed-509c-4fe2-b7a7-1bcd885e7827
ch.bakom.notruf-143_mobilnetz;c2c6114c-707d-424d-a860-ffe4e22330c6
ch.bakom.notruf-143_zentral;5b41971f-599c-415e-9445-75b59f22a0bf
ch.bakom.notruf-144_festnetz;8eff7061-f805-4d8c-a37e-574f41e68869
ch.bakom.notruf-144_mobilnetz;261f29ed-3043-4668-998e-a76c63b8e3e2
ch.bakom.notruf-144_zentral;e8914fd0-4b48-4446-af8e-1afeea435060
ch.bakom.notruf-145_festnetz;d500e71f-68b0-4275-b73a-c35e254752f0
ch.bakom.notruf-145_mobilnetz;4ab16b53-65f3-4427-a667-8cce75f71fd0
ch.bakom.notruf-145_zentral;8aa977ba-61e7-4239-8b20-6e6880341fde
ch.bakom.notruf-147_festnetz;30bb29fc-55ec-4c10-a504-dc650c135b09
ch.bakom.notruf-147_mobilnetz;c883aaf2-3707-433f-a0d9-32f245f44eb9
ch.bakom.notruf-147_zentral;00347ff2-fc9d-4171-bc6d-5fe49658e80b
ch.bakom.radio-fernsehsender;b92fae28-d12b-4278-8535-1929807341cd
ch.bakom.richtfunkverbindungen;9c2a71ac-6846-4ecc-8126-636af8ed025a
ch.bakom.uplink1;04ade34e-9654-4dfa-8788-ac6a3da206d6
ch.bakom.uplink10;41263c2e-bec9-4b1e-9e2d-11d69f8df58c
ch.bakom.uplink100;4f9876c4-5fa6-4cbc-b3db-b5934c681e7b
ch.bakom.uplink1000;69404fc3-9be6-4479-a09e-48f47e51588f
ch.bakom.versorgungsgebiet-tv;f57f174b-15ab-4428-b41f-916f33ea4cbb
ch.bakom.versorgungsgebiet-ukw;60a2fcd0-3a04-4fea-9bae-c3e0f9b31604
ch.bak.schutzgebiete-unesco_weltkulturerbe;fb349ad4-5e01-43b7-9fcd-a0f60ae9c4db
ch.baspo.nationales-sportanlagenkonzept;9b3799d2-02e6-43c7-9655-9e3d268551c2
ch.bav.anlagen-schienengueterverkehr;dda92878-86a1-4191-a073-9721671d6bc1
ch.bav.haltestellen-oev;841d42ff-8177-4e07-a96b-e8e5455ae048
ch.bav.kataster-belasteter-standorte-oev;c022c6b6-67ad-4023-8d01-cd0d89cf73a6
ch.bav.laermbelastung-eisenbahn_effektive_immissionen_nacht;e449ba1d-ee2a-42d5-97a9-ad9fcf48b696
ch.bav.laermbelastung-eisenbahn_effektive_immissionen_tag;a488ff49-540f-4013-aa23-af9a2d2d0d34
ch.bav.laermbelastung-eisenbahn_festgelegte_emissionen_nacht;a7efd280-1c64-4fdf-98dd-bec607ff6a9d
ch.bav.laermbelastung-eisenbahn_festgelegte_emissionen_tag;2d35d97f-e7b9-4d40-8654-d6adfaf26240
ch.bav.laermbelastung-eisenbahn_laermschutzwaende;ed8f4713-e0c7-4dca-a7b0-3ef7aeb1bc73
ch.bav.laermbelastung-eisenbahn_tatsaechliche_emissionen_nacht;49f67f0b-6122-42f3-8391-f2ceeb367c2f
ch.bav.laermbelastung-eisenbahn_tatsaechliche_emissionen_tag;c4622adc-282a-4368-b3a8-d15769882b6f
ch.bav.laermbelastung-eisenbahn_zulaessige_immissionen_nacht;79b73ff5-e8af-4f26-82b6-6d3eda65fc30
ch.bav.laermbelastung-eisenbahn_zulaessige_immissionen_tag;1abcda60-f48d-4340-bc53-4611d49d716c
ch.bav.lage-stoerfallverordnung_eisenbahnanlagen;dc35a63d-58c9-42b6-911f-c9b086314a5c
ch.bav.sachplan-infrastruktur-schiene_anhorung;a94360e1-a238-4d5f-9396-8f7bb739c997
ch.bav.sachplan-infrastruktur-schiene_ausgangslage;83fe1cb9-686d-49d0-929e-995bca687c25
ch.bav.sachplan-infrastruktur-schiene_kraft;80d0a3a6-56a3-408a-8964-6a48a500678e
ch.bav.sachplan-infrastruktur-schifffahrt_anhoerung;414ae620-4afc-46eb-8a0c-5c0c33d0b1eb
ch.bav.sachplan-infrastruktur-schifffahrt_ausgangslage;922ddfaf-8e1b-43b1-87f5-1bbd1e884aa5
ch.bav.sachplan-infrastruktur-schifffahrt_kraft;fa9b082a-57a8-4c11-816b-2365e2741215
ch.bav.schienennetz;4545b545-cdc9-4713-809c-210ee84436b0
ch.bav.seilbahnen-bundeskonzession;43a660c0-baa2-4366-ad04-a458afe1ec2c
ch.bazl.bebaute-gebiete_luftfahrtrecht;13a1d280-d6ee-4c57-8ee4-ffcebedcfc2e
ch.bazl.einschraenkungen-drohnen;c3ebd7ba-0fd5-411a-9074-3d0cdc46bc4d
ch.bazl.flugplaetze-heliports;4fbaa79b-688f-4060-9afd-b1c5b2147ee2
ch.bazl.gebirgslandeplaetze;d31ecd5b-e00c-430b-ab2e-d9148a199b9c
ch.bazl.kataster-belasteter-standorte-zivilflugplaetze;3f7c8f9f-b1be-4eb6-a9e2-7bdacf35dd58
ch.bazl.laermbelastungskataster-zivilflugplaetze_erste-nachtstunde;e53ef5a2-628d-46bd-a14e-d0d275cdec77
ch.bazl.laermbelastungskataster-zivilflugplaetze_helikopter;7d6f8271-37ef-40e2-a7c0-8014100697b8
ch.bazl.laermbelastungskataster-zivilflugplaetze_helikopter-maximalpegel;16e974d6-94ef-4006-97ff-f17428ea6687
ch.bazl.laermbelastungskataster-zivilflugplaetze_klein-grossflugzeuge;f08c2e4b-e458-431f-b98b-32c59ec7baec
ch.bazl.laermbelastungskataster-zivilflugplaetze_kleinluftfahrzeuge;88237a28-1e39-440f-89c4-a26c8a605243
ch.bazl.laermbelastungskataster-zivilflugplaetze_letzte-nachtstunde;474bf1cb-ffd3-45d7-a24b-0d89beaa4ad2
ch.bazl.laermbelastungskataster-zivilflugplaetze_militaer-gesamt;cd12a6cd-38f0-4ea4-bbeb-4cc1be8bf0a6
ch.bazl.laermbelastungskataster-zivilflugplaetze_zweite-nachtstunde;f9bff7c5-8390-4538-82b6-9595d6133e31
ch.bazl.landschaftsruhezonen;8af95971-c458-4f4e-bfe4-2d541a1274e8
ch.bazl.luftfahrthindernis;b43208df-1ac2-4d00-b559-d83e4d86ba1a
ch.bazl.luftfahrtkarten-icao;f27432fa-948b-4608-98d5-22ebe118c98a
ch.bazl.luftraeume-fluginformationsgebiet;cde5d669-5c65-4338-9e7c-dc839df4a8b4
ch.bazl.luftraeume-fluginformationszonen;4d9bdb6f-3af1-4ef1-aad0-d6560ff996e0
ch.bazl.luftraeume-kontrollbezirke;5fd1a95b-8f2c-4fff-8038-a7b2922488ad
ch.bazl.luftraeume-kontrollzonen;ee7cdbda-996a-45f9-aeff-aa63fa0d446a
ch.bazl.luftraeume-nahkontrollbezirke;24f734e7-f642-403b-823a-74e580a800ad
ch.bazl.projektierungszonen-flughafenanlagen;d76d6e8d-c6ac-40f3-92c0-2a953cb99d9f
ch.bazl.sachplan-infrastruktur-luftfahrt_anhorung;9aba2fad-bfe6-4441-aefc-ba04bf5e972e
ch.bazl.sachplan-infrastruktur-luftfahrt_kraft;ae5fa63c-c153-496a-b8a6-c896126398b1
ch.bazl.schutzgebiete-aulav_liechtenstein;25c6e9dd-b658-41fa-8f8d-3fc2775e3a6f
ch.bazl.segelflugkarte;eba8c71c-0c66-4a4e-b419-5e0260d5b43c
ch.bazl.sicherheitszonenplan;f0ac2ddb-8b07-421b-ada6-8c192b593bca
ch.bazl.spitallandeplaetze;afcad9a9-3c1c-4640-a6a9-aa279e4d501c
ch.bfe.abgeltung-wasserkraftnutzung;6c5acaa7-ac82-414a-a2bc-490f60c82580
ch.bfe.biogasanlagen;d303ef3f-2ab2-4b83-9d81-7594173e3728
ch.bfe.biomasse-nicht-verholzt;a1e28820-056f-4371-9bb3-8c17b846e56f
ch.bfe.biomasse-verholzt;b8539dc3-3a56-467e-8433-80f522bfd6fc
ch.bfe.elektrizitaetsproduktionsanlagen;e5a00bdb-5022-4856-ad4a-d1afe7bf38b0
ch.bfe.energieberatungsstellen;26b94fae-3709-4436-901b-eb27546e9afe
ch.bfe.energieforschung;5bbd5006-448d-48ce-86ec-d7d285257534
ch.bfe.energiestaedte;393940cd-6a67-4190-8b91-378669cdea1d
ch.bfe.energiestaedte-2000watt-areale;d11e76bf-7df2-4057-8fa8-71a0a19523ea
ch.bfe.erneuerbarheizen;0f756190-b7f7-4a4b-94db-696ed67676a4
ch.bfe.erneuerbarheizen-mehrfamilienhaeuser;c91a9264-9349-4555-904f-b7c500e31e74
ch.bfe.fernwaerme-angebot;b6c8d9c6-a2ca-435a-af0a-6a8ac94199fc
ch.bfe.fernwaerme-nachfrage_industrie;25de2a79-1714-4db8-a7ad-48efc8a4f5c7
ch.bfe.fernwaerme-nachfrage_wohn_dienstleistungsgebaeude;32a8a3cd-d269-4915-b983-54fd979ca486
ch.bfe.kehrichtverbrennungsanlagen;d9596eaf-5629-4756-9a46-4f178407b905
ch.bfe.kernkraftwerke;74e0e4a7-165a-414d-b1a5-1921162f04ab
ch.bfe.kleinwasserkraftpotentiale;c4b695b0-23ad-4d0d-a496-16fc0f597819
ch.bfe.komo-projekte;0d216c1b-2998-4eb9-a47b-ac88aafb7271
ch.bfe.ladestellen-elektromobilitaet;deb77904-21ff-4ff4-b53d-b6ddb4615168
ch.bfe.meteorologische-vereisung;94cedad7-6d19-46b2-9ecf-0d1d1a58bea8
ch.bfe.minergiegebaeude;ad60a67c-f0a0-41fa-84f2-20b8565c9da9
ch.bfe.rohrleitungen-konsultationsbereiche;9188dcff-dced-43b9-8127-b3104f09c175
ch.bfe.sachplan-geologie-tiefenlager;7162f14b-4c16-4ec3-8ac6-b158136e65c7
ch.bfe.sachplan-uebertragungsleitungen_anhoerung;8a86e8e0-adff-4815-bbea-bef208138ad5
ch.bfe.sachplan-uebertragungsleitungen_kraft;e1134feb-55d7-4b44-8e13-125e983b259b
ch.bfe.shared-mobility;8444f497-8319-4949-8530-73095c991474
ch.bfe.solarenergie-eignung-daecher;b614de5c-2f12-4355-b2c9-7aef2c363ad6
ch.bfe.solarenergie-eignung-fassaden;3849f57d-9bdd-428c-8d13-08be446e197a
ch.bfe.statistik-wasserkraftanlagen;a7d239f2-4202-4760-9537-41e1a8c3c984
ch.bfe.stauanlagen-bundesaufsicht;b5225e07-9884-47b9-8bc2-161d07d1e7f2
ch.bfe.thermische-netze;92b85345-4513-45a8-b64a-d7dbebd648a3
ch.bfe.waermepotential-gewaesser;f51ab0db-c25c-4211-ab07-365734380066
ch.bfe.windenergieanlagen;b11962c5-cad9-4783-9e88-d8248e90c47f
ch.bfe.windenergie-geschwindigkeit_h100;216fd29a-b016-457f-aecf-3a8b1cc70803
ch.bfe.windenergie-geschwindigkeit_h125;8d78a2a4-03fa-4d95-8a37-57594f2bf7d4
ch.bfe.windenergie-geschwindigkeit_h150;bb51c6f0-2be5-4933-9582-90dc613c8c75
ch.bfe.windenergie-geschwindigkeit_h50;69f9bf6d-f168-4250-8c5a-77398fa750cb
ch.bfe.windenergie-geschwindigkeit_h75;d5892cf4-38fa-4af7-9ddb-f87dd2ed06cd
ch.bfe.windenergie-potenzialgebiete;bf588f7f-7708-4518-932e-ef950e0c789a
ch.bfs.arealstatistik;8ac687ee-ad27-4ac7-8c1c-b64abee9e3b3
ch.bfs.arealstatistik-bodenbedeckung;b53c03bb-a168-491f-b266-c7e9ec0af320
ch.bfs.arealstatistik-waldmischungsgrad;116447b0-31b0-477c-9203-9f51d43e4ac5
ch.bfs.betriebszaehlungen-arbeitsstaetten;ecc82a85-9ecb-4f14-873d-bd07d8468bad
ch.bfs.betriebszaehlungen-beschaeftigte_vollzeitaequivalente;1a764cdd-9d11-4cfe-b440-66d7caef7fa4
ch.bfs.erreichbarkeit-apotheken;3fd30387-b9cb-493e-9e7d-ce9e853afe31
ch.bfs.erreichbarkeit-restaurants;8f48d5dd-270b-46c5-bf82-c8e7929d08f6
ch.bfs.gebaeude_wohnungs_register;56553efe-4a2c-449d-93ba-cf7edd518d56
ch.bfs.generalisierte-grenzen_agglomerationen_g1;68924d22-bc42-425e-bbcc-a2f75c5c796c
ch.bfs.generalisierte-grenzen_agglomerationen_g2;4aa954c6-2d71-4d96-ab85-cb5fb128be8e
ch.bfs.landschaftswandel;826921fb-2bf7-44af-a71a-af56bda3dd6d
ch.bfs.volkszaehlung-bevoelkerungsstatistik_einwohner;4bfbbf20-d90e-4131-8fe2-4c454ad45c16
ch.bfs.volkszaehlung-gebaeudestatistik_gebaeude;ac730d03-1840-4f64-bc89-9f06d2491e25
ch.bfs.volkszaehlung-gebaeudestatistik_wohnungen;987a55d8-fcc5-497a-b553-da1f1517e5c4
ch.blw.alpprodukte;843b3f48-ec98-4143-b9e6-1db1ad6ddac0
ch.blw.bergprodukte;c5bc9d6b-cafb-4617-97d7-868ab4cd5506
ch.blw.bewaesserungsbeduerftigkeit;a3acc755-aad5-4992-b3f3-91f1137a94cb
ch.blw.bodeneignung-gruendigkeit;a1c56c8d-05c9-425f-9aed-71e265081634
ch.blw.bodeneignung-kulturland;843de9c9-6feb-4577-ab3b-e4fb62a9c56a
ch.blw.bodeneignung-kulturtyp;4d7ea1c8-451b-46b6-8e16-ffee10e0c9a7
ch.blw.bodeneignung-naehrstoffspeichervermoegen;05216096-7514-4084-a361-49a2cee1f44c
ch.blw.bodeneignung-skelettgehalt;b07f2385-ee3d-4dae-aac2-3fce678ead33
ch.blw.bodeneignung-vernaessung;ace71da1-bfd1-4745-a2f1-40b4567f4907
ch.blw.bodeneignung-wasserdurchlaessigkeit;d5bd22a3-0656-4582-97bc-37f77b5426ca
ch.blw.bodeneignung-wasserspeichervermoegen;6caf4d0f-52da-433a-809f-92781316ad0e
ch.blw.erosion;02210bb3-1c51-4c2c-a665-a696286b945c
ch.blw.erosion-fliesswegkarte;c3469d7a-9d43-4873-af2a-bd5cc230a958
ch.blw.erosion-quantitativ;14c92382-adf0-45d9-ad07-d41bd976c2a3
ch.blw.feldblockkarte;9d673266-aed0-46f3-a536-4eb7d57582e9
ch.blw.gewaesseranschlusskarte;77c1fecd-d698-442f-b957-65664297b26d
ch.blw.gewaesseranschlusskarte-direkt;f03ce6ec-d927-4171-88a4-2369a75d4685
ch.blw.hang_steillagen;689dcf53-f025-4ea2-890a-dfcebca5812f
ch.blw.klimaeignung-futterbau;4f01b7dd-a576-45ee-9158-82789334c577
ch.blw.klimaeignung-getreidebau;04aa6587-d884-4c20-87a3-ff537e6d2626
ch.blw.klimaeignung-kartoffeln;859f26d4-f820-4b1f-bad4-44e88bae59a6
ch.blw.klimaeignung-koernermais;aaa31b34-09da-4944-b43e-fb1b21cc6f96
ch.blw.klimaeignung-kulturland;8148d26b-7aae-48b1-8c02-a391c33f59a7
ch.blw.klimaeignung-spezialkulturen;fe7c18e2-87d3-464f-a22e-7cc03e61d480
ch.blw.klimaeignung-typ;f743a51c-7487-46a5-af16-5bf031edc417
ch.blw.klimaeignung-zwischenfruchtbau;17b0f989-a79e-4837-b5a2-cf38c23a662c
ch.blw.landwirtschaftliche-zonengrenzen;6e4544bc-55f4-4aef-b36a-e36fe376eaf8
ch.blw.niederschlagshaushalt;0335f9f0-b0b1-4925-9c9d-d530ed2dd1cf
ch.blw.steil_terrassenlagen_rebbau;c3e162d0-512b-4baa-ae0f-0d4bd7418ad7
ch.blw.ursprungsbezeichnungen-fleisch;d8a34a75-b1c3-4387-8b03-63dd150f529b
ch.blw.ursprungsbezeichnungen-kaese;2109a970-681d-4efb-9fd5-6f7da5ae0e14
ch.blw.ursprungsbezeichnungen-konditoreiwaren;0652c964-e9d5-4c4a-8efe-5043f48b457f
ch.blw.ursprungsbezeichnungen-pflanzen;199c9078-9da7-4a77-b811-b342adc2a116
ch.blw.ursprungsbezeichnungen-spirituosen;bc34236a-ffe9-40af-9eae-d2cf1e0e96e6
ch.ensi.zonenplan-notfallschutz-kernanlagen;60e40dd3-a00b-4b34-a9c6-8813f21711b9
ch.kantone.cadastralwebmap-farbe;cf93dfb6-ffff-43ce-bd9b-271baba2d217
ch.meteoschweiz.hagelgefaehrdung-korngroesse_100_jahre;f4339ba8-1421-4fb9-8d41-3650bb873a84
ch.meteoschweiz.hagelgefaehrdung-korngroesse_10_jahre;57bfd8dd-5385-4bab-956d-3757d53027f5
ch.meteoschweiz.hagelgefaehrdung-korngroesse_20_jahre;ef2ec7f4-0c37-4fa0-8794-aac151342ed2
ch.meteoschweiz.hagelgefaehrdung-korngroesse_50_jahre;6a87d3b6-aec7-4905-94b9-894fb20bb6af
ch.meteoschweiz.klimanormwerte-niederschlag_1961_1990;4b9ddc34-69b3-49a0-bdb9-5f9ed053030a
ch.meteoschweiz.klimanormwerte-niederschlag_aktuelle_periode;fe2ed6a2-f08d-4d23-8fc1-807c445e7934
ch.meteoschweiz.klimanormwerte-sonnenscheindauer_1961_1990;e7873de9-c1dc-4ded-a417-2c4dc2d839fc
ch.meteoschweiz.klimanormwerte-sonnenscheindauer_aktuelle_periode;d77b8012-0b88-40f2-94a9-60b0a4ea9d38
ch.meteoschweiz.klimanormwerte-temperatur_1961_1990;1549b018-f8f0-4a56-bd17-c8a4377afe58
ch.meteoschweiz.klimanormwerte-temperatur_aktuelle_periode;68adbf85-b4b1-4ce6-9c1c-e7b895d885ec
ch.meteoschweiz.klimaszenarien-raumklima;6791cfd3-d53b-4ea3-bb43-8c6fd0db08b7
ch.meteoschweiz.messnetz-atmosphaere;8a1f0d78-5415-4b25-ac08-f4c8d632af39
ch.meteoschweiz.messnetz-automatisch;d9ea83de-b8d7-44e1-a7e3-3065699eb571
ch.meteoschweiz.messnetz-beobachtungen;bb2c81cc-0f41-4bd0-919e-c7671e27cd12
ch.meteoschweiz.messnetz-flugwetter;7a069711-0dbf-45c4-9b43-60b66d407e74
ch.meteoschweiz.messnetz-klima;7868ec31-74fc-48ca-94bf-62237c4800a8
ch.meteoschweiz.messnetz-manuell;f83b7866-de32-41a7-a398-c5b8908b8853
ch.meteoschweiz.messnetz-partner;34dfcd14-f8d2-4bcb-94d4-1de4b0af3021
ch.meteoschweiz.messnetz-phaenologie;92f068d0-568b-4416-acbb-ee9e295463ce
ch.meteoschweiz.messnetz-pollen;c75ed269-5961-4b0e-bea8-9c64c34d84ee
ch.meteoschweiz.messnetz-webcams;d3fb5971-b21b-433f-aa27-2fa8adb76248
ch.meteoschweiz.messwerte-foehn-10min;8d15939e-b489-467f-8a76-cbf7abb0ada9
ch.meteoschweiz.messwerte-gesamtschnee-1d;d460972c-273f-4404-8221-1ccb6ac351ce
ch.meteoschweiz.messwerte-globalstrahlung-10min;4865107d-fc3a-4ee7-9532-78e54b3404e8
ch.meteoschweiz.messwerte-globalstrahlung-1d;f2c74c64-5bb3-48b3-8836-eab4a2dae47c
ch.meteoschweiz.messwerte-luftdruck-700hpa-flaeche-10min;800943fd-596a-458c-a570-1c1137451d5f
ch.meteoschweiz.messwerte-luftdruck-850hpa-flaeche-10min;479d53c8-bc50-42d0-a50a-1e6b466f0e08
ch.meteoschweiz.messwerte-luftdruck-differenz-3h;e81f13db-cdf9-4711-ab31-9847b003851b
ch.meteoschweiz.messwerte-luftdruck-qfe-10min;e6ac5527-5447-4c24-a39b-1b248c65992f
ch.meteoschweiz.messwerte-luftdruck-qff-10min;4d0b133f-8225-4ff9-914d-961f8f6e91a6
ch.meteoschweiz.messwerte-luftdruck-qnh-10min;8af9396d-a199-416d-883f-9763f3fdf16a
ch.meteoschweiz.messwerte-luftfeuchtigkeit-10min;27555e51-199b-431c-bffe-8e7b58faff4f
ch.meteoschweiz.messwerte-lufttemperatur-10min;3df8ca1c-70ec-4b7c-89b1-413e89dbb15b
ch.meteoschweiz.messwerte-lufttemperatur-24h-max-1h;59e85269-6b7d-47ad-96f6-e19149df10f8
ch.meteoschweiz.messwerte-lufttemperatur-24h-min-1h;40f040da-c19b-4dc4-b798-f672de872f7a
ch.meteoschweiz.messwerte-neuschnee-1d;8a0cf1c7-b42e-44c9-957a-f944d7e951c8
ch.meteoschweiz.messwerte-neuschnee-2d;df711c72-1335-4485-8936-5dec4573a383
ch.meteoschweiz.messwerte-neuschnee-3d;91424c0d-4196-4a63-a9be-8e2c71c80fa1
ch.meteoschweiz.messwerte-niederschlag-10min;70a66635-768f-40d1-8370-65734a1060e7
ch.meteoschweiz.messwerte-niederschlag-1d;70498706-eba2-4621-8c4c-91a4a98801ed
ch.meteoschweiz.messwerte-niederschlag-1h;8f3eb01b-9368-4400-8c39-68ec0221f029
ch.meteoschweiz.messwerte-niederschlag-24h;212d2b23-6f58-437b-8748-cfc88794085c
ch.meteoschweiz.messwerte-niederschlag-48h;83a919bf-530b-4d2b-9a53-69d579eb693c
ch.meteoschweiz.messwerte-niederschlag-72h;d64e63e2-41b7-4f4c-9a72-5f239e4001f3
ch.meteoschweiz.messwerte-pollen-birke-1h;9ae60982-115e-4a52-b7a8-4d963b1dfc7b
ch.meteoschweiz.messwerte-pollen-buche-1h;13237b0e-5078-4fb1-9c41-f694ef5704fb
ch.meteoschweiz.messwerte-pollen-eiche-1h;78a41177-6125-4f11-ac8b-4ec6166dad70
ch.meteoschweiz.messwerte-pollen-erle-1h;012c160a-1404-42dd-8379-001a0bb2375b
ch.meteoschweiz.messwerte-pollen-esche-1h;7ad27023-2cfd-4103-b68b-a57288837557
ch.meteoschweiz.messwerte-pollen-graeser-1h;fed6787d-8e1c-4d06-a18d-1287e7302b40
ch.meteoschweiz.messwerte-pollen-hasel-1h;1b800419-21ff-4504-b54c-edab706d201c
ch.meteoschweiz.messwerte-sonnenscheindauer-10min;04611009-c323-4ece-a9fc-f6ce8fc62c60
ch.meteoschweiz.messwerte-sonnenscheindauer-kumuliert-10min;351b2fa0-060b-4ca4-a10b-d49c69eb0091
ch.meteoschweiz.messwerte-sonnenscheindauer-relativ-1d;dc6dcd27-aafb-4912-9db5-9803b8a92506
ch.meteoschweiz.messwerte-taupunkt-10min;5d6f8794-bf59-458e-a16c-aeb98df5d6c8
ch.meteoschweiz.messwerte-wind-boeenspitze-kmh-10min;0b2cff5d-65c3-4e7a-8e1f-355c2b608948
ch.meteoschweiz.messwerte-wind-boeenspitze-kmh-6h;fa6441c1-34bf-4f7a-a3be-be3e06f37061
ch.meteoschweiz.messwerte-windgeschwindigkeit-kmh-10min;ec9e5d28-f102-418a-a8b9-1e6db53a4826
ch.nagra.aeromagnetische-karte_1100;2ffdbb13-27dc-4380-8349-8debfeca4fd9
ch.nagra.aeromagnetische-karte_1500;b814401b-9eb2-4e6c-b4a9-f24df7b8bba6
ch.pronatura.naturschutzgebiete;db4b251f-d431-457d-9ed6-4abf59d2a54a
ch.pronatura.waldreservate;8a69330f-c6db-4c56-bedc-d244542ad86c
ch.sem.sachplan-asyl_anhoerung;1a1818bd-ab9f-49c8-a0e8-a93d1a2359e9
ch.sem.sachplan-asyl_kraft;23a9027d-37a1-4ba4-b529-54c658540914
ch.swisstopo.amtliches-gebaeudeadressverzeichnis;150c38c5-2650-4018-b5c7-939e2cdd56ce
ch.swisstopo.amtliches-strassenverzeichnis;caf39a72-92be-4bd1-a976-4eaaeb770a44
ch.swisstopo.burgenkarte200_papier.metadata;eca5aec1-818d-429f-8091-145021e4c1aa
ch.swisstopo.dreiecksvermaschung;fb7fe701-04b1-4a0c-ba3a-90dbc5bd23d3
ch.swisstopo.fixpunkte-agnes;d2152a5b-3c64-4a4a-abf5-0ae342f2f108
ch.swisstopo.fixpunkte-hfp1;1ca6ef94-7204-424c-b2a6-d73158305df6
ch.swisstopo.fixpunkte-hfp2;06044c35-4164-41c6-a4df-297749c03227
ch.swisstopo.fixpunkte-lfp1;7a49183b-9766-40dd-936c-fb09fdded185
ch.swisstopo.fixpunkte-lfp2;12ee04c7-b38d-4809-b417-ce304df6c7cc
ch.swisstopo.generalkarte300_papier.metadata;81fa93b5-278e-4722-929b-cb388248e1a5
ch.swisstopo.geoidmodell-ch1903;2b20aece-5cb1-41f1-a618-7c6e1ff6a81b
ch.swisstopo.geoidmodell-etrs89;8454f7d9-e3f2-4cc7-be6d-a82196660ccd
ch.swisstopo.geologie-bodenunruhe;4dba9c57-2e2b-4b69-844b-bd2001fa53a8
ch.swisstopo.geologie-bohrungen_tiefer_500;a61d9f7a-00cd-4448-a36d-b81423f1f566
ch.swisstopo.geologie-dosisleistung-terrestrisch;eccbc751-9928-4221-89e1-1184cbb3aff5
ch.swisstopo.geologie-eiszeit-lgm;75c2f212-413c-4d55-8a93-c021c8bbfc95
ch.swisstopo.geologie-eiszeit-lgm-raster;f1455593-7571-48b0-8603-307ec59a6702
ch.swisstopo.geologie-eiszeit-lgm-raster_papier.metadata;388210bc-331b-49c1-8146-3fda75a678cf
ch.swisstopo.geologie-felslabore;f995a522-62cb-4316-a762-f6a319985ed7
ch.swisstopo.geologie-generalkarte-ggk200;f6416e51-bf55-445a-946e-3eee2134d131
ch.swisstopo.geologie-generalkarte-ggk200.metadata;c17ba742-9a43-4ed2-9331-e776d6e9065d
ch.swisstopo.geologie-geocover.metadata;f7485f4f-2224-4b76-a43c-52cbf8883a42
ch.swisstopo.geologie-geodaesie-bouguer_anomalien;618c9697-129f-47c7-830a-7a256b4c2499
ch.swisstopo.geologie-geodaesie-bouguer_anomalien_papier.metadata;cff2a951-b5ec-4a51-a0f2-f89dd90e5782
ch.swisstopo.geologie-geodaesie-isostatische_anomalien;7234896a-842c-4524-8710-5d900953cb1d
ch.swisstopo.geologie-geoevents_anfrage;6f4fc3a9-8dc0-4cc2-b176-f804e5157dab
ch.swisstopo.geologie-geoevents_demnaechst;64508bcc-8a66-4d90-bb9a-bc83c931b0c6
ch.swisstopo.geologie-geologische_3dmodelle;11836d3b-181e-4078-b83f-f55fc44b5776
ch.swisstopo.geologie-geologische_karte;ca917a71-dcc9-44b6-8804-823c694be516
ch.swisstopo.geologie-geologische_karte_papier.metadata;c8e951b2-35d1-4382-9c41-d7c55d846960
ch.swisstopo.geologie-geologischer_atlas;258814a5-8fcf-47df-b0c6-160602b0078c
ch.swisstopo.geologie-geologischer_atlas.metadata;a891e1e7-7f85-4c92-94d9-7120edf91a9c
ch.swisstopo.geologie-geologischer_atlas_papier.metadata;0d2e9e88-6151-4a3f-a1c8-85894c718f73
ch.swisstopo.geologie-geologischer_atlas_vector.metadata;bea72085-38cb-4938-bbcb-9f06458d2bfa
ch.swisstopo.geologie-geomol-isotherme_100;8681fb45-6220-41ef-825a-86210d8a72fc
ch.swisstopo.geologie-geomol-isotherme_150;31dc428e-a62b-4f6b-a263-e5eca9d9a074
ch.swisstopo.geologie-geomol-isotherme_60;6edca35d-0f08-43b9-9faf-4c7b207888a1
ch.swisstopo.geologie-geomol-temperaturmodell_eingangsdaten;63ed59b1-d9fb-4c6e-a629-550c8f6b9bf2
ch.swisstopo.geologie-geomol-temperatur_top_muschelkalk;e0be0de5-4ed0-488a-a952-5eb385fd5595
ch.swisstopo.geologie-geomol-temperatur_top_omalm;613cdc6f-0237-416d-af16-ae5d2f1934ff
ch.swisstopo.geologie-geomol-temperatur_top_omm;4f9e3f59-891e-434b-bba5-40db1b9495e0
ch.swisstopo.geologie-geomol-temperaturverteilung_1000;5e32ea72-a356-4250-b40a-a441165fd936
ch.swisstopo.geologie-geomol-temperaturverteilung_1500;162989d7-5c1c-48fb-8d16-2ccf5be339b9
ch.swisstopo.geologie-geomol-temperaturverteilung_2000;ac604460-7a7a-44c5-bc5a-41062fbd21ff
ch.swisstopo.geologie-geomol-temperaturverteilung_3000;47f79661-212e-4297-b048-2606db7affa8
ch.swisstopo.geologie-geomol-temperaturverteilung_4000;739e9095-77f6-462d-9a1e-438898cf0c9c
ch.swisstopo.geologie-geomol-temperaturverteilung_500;08e66941-4ebb-4017-8018-b39caa8fd107
ch.swisstopo.geologie-geomorphologie;1bf16162-a44c-4970-9da1-044383bacff8
ch.swisstopo.geologie-geophysik-aeromagnetische_karte_jura;f952b9be-9a11-478c-a21c-9d5e8631c7c2
ch.swisstopo.geologie-geophysik-aeromagnetische_karte_schweiz;4cc706a2-0005-4cc6-8326-7b944a1d5b05
ch.swisstopo.geologie-geophysik-deklination;8f38b25f-f984-450a-ae48-02290e82136c
ch.swisstopo.geologie-geophysik-geothermie;2d8174b2-8c4a-44ea-b470-cb3f216b90d1
ch.swisstopo.geologie-geophysik-inklination;639c0536-bfea-44d3-b088-ed7b6b43cde9
ch.swisstopo.geologie-geophysik-totalintensitaet;132d9ff6-92de-4c02-87a7-72df26bcb33e
ch.swisstopo.geologie-geosites;af46b0e7-25b4-49ca-a357-c0ab6e794dd6
ch.swisstopo.geologie-geotechnik-gk200;6dd16d72-047b-4489-91dc-b36eeabf972e
ch.swisstopo.geologie-geotechnik-gk500-genese;65652bdd-76e3-4df2-9329-140a04a2a66c
ch.swisstopo.geologie-geotechnik-gk500-gesteinsklassierung;f2c81b93-f0c5-4899-83a9-974ce36c48e6
ch.swisstopo.geologie-geotechnik-gk500-lithologie_hauptgruppen;435522fb-599e-41c0-a7c0-49d922ea6acf
ch.swisstopo.geologie-geotechnik-mineralische_rohstoffe200;d86f291c-49b8-4bc8-93f7-dbab48dcb26c
ch.swisstopo.geologie-geotechnik-steinbrueche_1915;e9fb4d2c-8843-4586-b6f3-c9276a6d2890
ch.swisstopo.geologie-geotechnik-steinbrueche_1965;375ee9c3-11ea-405f-aefe-1e26cec99003
ch.swisstopo.geologie-geotechnik-steinbrueche_1980;d2420114-b83d-4658-b205-4ccf8e4d1a07
ch.swisstopo.geologie-geotechnik-steinbrueche_1995;1c7751e9-9909-45c2-ab3a-daff34a56ef1
ch.swisstopo.geologie-geotechnik-steine_historische_bauwerke;efe1b3cf-dac4-4660-a5bd-a9269a3d97db
ch.swisstopo.geologie-geotechnik-zementindustrie_1965;900f56f2-31d0-4b97-a1af-fa016df24193
ch.swisstopo.geologie-geotechnik-zementindustrie_1995;895a5d84-485e-4e47-b76e-2ab0283b0655
ch.swisstopo.geologie-geotechnik-ziegeleien_1907;060d2502-5eb7-4a0a-9364-e36b0fd12a2e
ch.swisstopo.geologie-geothermische_potenzialstudien_regional;1c050393-fe3a-41b1-a31e-3173f51181d8
ch.swisstopo.geologie-geotope;e7dd54e9-fc98-4e5c-b46a-694d1ba6c84e
ch.swisstopo.geologie-geotope_kantone_stand;c4d2c1b0-b075-4d7b-be7c-54d26411cda3
ch.swisstopo.geologie-geowege;3356602e-23d5-4e42-9d75-55fe9cc2daba
ch.swisstopo.geologie-gesteinsdichte;c4a7ceb5-8bf5-457d-ab0a-57216dafce53
ch.swisstopo.geologie-gisgeol-flaechen-1000to21000km2;7b700642-f46b-44f9-895c-efb1435014b9
ch.swisstopo.geologie-gisgeol-flaechen-100to1000km2;77298a16-a7a4-407f-a27b-a0169757f20d
ch.swisstopo.geologie-gisgeol-flaechen-10to100km2;8b00cf3e-0c02-4653-a92b-7859b4b94d63
ch.swisstopo.geologie-gisgeol-flaechen-10x10km;e2428490-3526-4b5d-b8f0-82cebb1f6e43
ch.swisstopo.geologie-gisgeol-flaechen-1x1km;23cc63df-e6f1-40cb-9fea-debbb65955a9
ch.swisstopo.geologie-gisgeol-flaechen-gt21000km2;e630e54d-1b07-410a-aa04-431fbcb22310
ch.swisstopo.geologie-gisgeol-flaechen-lt10km2;88c59cad-032b-4fb3-a6e7-1fea004f1a89
ch.swisstopo.geologie-gisgeol-linien;408e75de-11ce-4d53-9583-99f4aac45b8b
ch.swisstopo.geologie-gisgeol-punkte;f33e0f9d-8915-4acf-b5e9-f2efb3f51084
ch.swisstopo.geologie-gletscherausdehnung;f6fb6139-f13e-4a56-bf01-01b7dd4358d5
ch.swisstopo.geologie-gletschermaechtigkeit;57052989-5074-4841-abb6-22d1989d615f
ch.swisstopo.geologie-gravimetrischer_atlas;732cb247-8307-4cc7-8c31-b1c505a94633
ch.swisstopo.geologie-gravimetrischer_atlas.messpunkte;297a1958-3636-45af-a17c-e90120605132
ch.swisstopo.geologie-gravimetrischer_atlas_papier.metadata;2f9315dd-3d8f-4248-850c-46270e47dfe7
ch.swisstopo.geologie-grundwasservorkommen_papier.metadata;af399b45-c233-48ec-a500-e6eb503b07dd
ch.swisstopo.geologie-grundwasservulnerabilitaet_papier.metadata;7f8e47fa-cd31-4ff2-808e-6262aaea019b
ch.swisstopo.geologie-hydrogeologische_karte-grundwasservorkommen;f198f6f6-8efa-4235-a55f-99767ea0206c
ch.swisstopo.geologie-hydrogeologische_karte-grundwasservulnerabilitaet;b8efde6b-7323-4496-aa70-b976ec55cec9
ch.swisstopo.geologie-lockergestein_maechtigkeitsmodell;99eb4571-4c34-48cc-bd6a-32fd9decc2a7
ch.swisstopo.geologie-rohstoffe-gebrochene_gesteine_abbau;bb682732-ca6d-43f4-8c95-760b76004b22
ch.swisstopo.geologie-rohstoffe-gips_abbau_verarbeitung;33f974a7-8852-449d-ba68-646b10710f60
ch.swisstopo.geologie-rohstoffe-industrieminerale;ec3471db-6e86-4148-abbf-d702196381bd
ch.swisstopo.geologie-rohstoffe-kohlen_bitumen_erdgas;ee51374d-1472-44bd-a5a7-c65c4e46f3b4
ch.swisstopo.geologie-rohstoffe-naturwerksteine_abbau;0b22a108-693c-4b6e-9e43-7614eb0e0bc3
ch.swisstopo.geologie-rohstoffe-salz_abbau_verarbeitung;e5bed380-6a35-46c9-97c9-0cbf5875f292
ch.swisstopo.geologie-rohstoffe-vererzungen;46dd5d50-6f7e-4175-ab64-051b16750e38
ch.swisstopo.geologie-rohstoffe-zement_abbau_verarbeitung;9128ae2a-acdf-42cf-bb67-00755f0857fb
ch.swisstopo.geologie-rohstoffe-ziegel_abbau;3d0120f4-34b2-40cf-b61c-127bd9a27522
ch.swisstopo.geologie-rohstoffe-ziegel_verarbeitung;93ad193c-cb3e-48a4-8977-6775c403c579
ch.swisstopo.geologie-spezialkarten_schweiz.metadata;5a7e79b5-0aef-4514-9df4-62fb92edee97
ch.swisstopo.geologie-spezialkarten_schweiz_papier.metadata;0d93edd4-5ab4-47e1-b119-6df7289eb429
ch.swisstopo.geologie-spezialkarten_schweiz_vector.metadata;b15b89ac-d7e5-412c-bd4a-5077c935806c
ch.swisstopo.geologie-tektonische_karte;a4cdef47-505e-41ab-b6a7-ad5b92d80e41
ch.swisstopo.geologie-tektonische_karte_papier.metadata;9a6cf8f1-2475-4085-b202-8cd0fe0f0ca8
ch.swisstopo.geologie-tiefengeothermie_projekte;2df11e59-d85a-40cf-98cf-4b941577e23c
ch.swisstopo.hangneigung-ueber_30;77f0637f-8d52-45bc-b824-d6e5719de55b
ch.swisstopo.hebungsraten;80a03e2f-7827-4497-8f0a-62ab8816d609
ch.swisstopo.hiks-dufour.metadata;bfa9994f-c8b1-4dc1-90b2-fe1211bf2d22
ch.swisstopo.hiks-siegfried-ta25.metadata;86c12e05-aabf-4384-a88a-eeea18044e83
ch.swisstopo.hiks-siegfried-ta50.metadata;b8642253-c0df-4d39-b92e-d05467caf0f5
ch.swisstopo.images-swissimage-dop10.metadata;3f340030-15de-4ab6-a1b1-5f33e09a997f
ch.swisstopo-karto.hangneigung;c37cbfbf-0d87-4ae8-8c21-8932130eb3fa
ch.swisstopo-karto.schneeschuhrouten;449d2ee9-8807-4a64-9844-4e310d28ed2e
ch.swisstopo-karto.skitouren;33090bf2-e8e5-4776-9f64-00d7a6170808
ch.swisstopo.koordinatenaenderung;d749d5c4-d362-489b-a6c1-a8ee68aeeaab
ch.swisstopo.landeskarte1000_papier.metadata;6b3abe3d-90a6-444d-ae9a-3b21ce73b13d
ch.swisstopo.landeskarte100_papier.metadata;f0ef32c7-2b74-4d01-a84f-a576a6c264c6
ch.swisstopo.landeskarte200_papier.metadata;4bdecb2b-c692-4050-a08a-45e2041358ed
ch.swisstopo.landeskarte25_papier.metadata;17a659d0-45c8-4a12-a7b3-a726e14776a2
ch.swisstopo.landeskarte500_papier.metadata;595cf684-fb65-41b7-b4ca-786cbe092fe6
ch.swisstopo.landeskarte50_papier.metadata;ab73acf2-95dc-4f49-a3b9-76fcaefa1bed
ch.swisstopo.landeskarte-farbe-10;cb0f8401-c49a-4bdf-aff6-40a7015ba43a
ch.swisstopo.landeskarte-grau-10;b495f369-9262-4269-8532-27b06591e33a
ch.swisstopo.landesschwerenetz;95879cd4-e93d-4d4d-af57-4ec6731b9c97
ch.swisstopo.lotabweichungen;ef5df57e-8eb3-4b55-96e5-0e70adead7ad
ch.swisstopo.lubis-bildstreifen;7392cfbf-2f3b-446f-934f-604bc9410978
ch.swisstopo.lubis-luftbilder-dritte-firmen;f614decc-a4f2-480f-b007-b8d9b99bdde5
ch.swisstopo.lubis-luftbilder-dritte-kantone;5327cb7b-269b-4d02-b199-19418ee33d54
ch.swisstopo.lubis-luftbilder_farbe;352c0302-fac6-455b-bd81-092850a7ad4e
ch.swisstopo.lubis-luftbilder_infrarot;aee873f9-127a-4567-86a9-abb740bb9706
ch.swisstopo.lubis-luftbilder_schraegaufnahmen;b38ee443-8965-4a25-bb99-626b32c6227f
ch.swisstopo.lubis-luftbilder_schwarzweiss;12970991-2623-4e1e-a420-7435a6b5046c
ch.swisstopo.lubis-terrestrische_aufnahmen;7e0b1343-0d6c-4d3d-9c63-9ed49ca2c0a9
ch.swisstopo.luftfahrtkarten-icao_papier.metadata;a1973b7f-ec79-4cee-9e51-5fadec528a3e
ch.swisstopo.meldungen-karten_geodaten;37fe878e-f207-48f7-9d9a-a4192aeaef71
ch.swisstopo.pixelkarte-farbe-pk1000.noscale;4ea228b8-7910-4339-8a31-d38d8d8592bd
ch.swisstopo.pixelkarte-farbe-pk100.noscale;e8be74b0-fc58-4fc7-be9a-5dcc70dcea6e
ch.swisstopo.pixelkarte-farbe-pk200.noscale;5f75341e-2050-4ed9-a8de-ee7637490565
ch.swisstopo.pixelkarte-farbe-pk25.noscale;2987a492-a097-46f3-b162-abc1b3115f85
ch.swisstopo.pixelkarte-farbe-pk500.noscale;e1825425-2988-493e-9206-080171cadd27
ch.swisstopo.pixelkarte-farbe-pk50.noscale;4c8c7c58-61c7-4a61-8e7a-6ffb95d183df
ch.swisstopo.pixelkarte-farbe-winter;27866f0f-12d7-4364-bcce-9a0c17558173
ch.swisstopo.pixelkarte-pk100.metadata;7afe40b9-3906-47da-9cb4-8456a6432a6e
ch.swisstopo.pixelkarte-pk200.metadata;59d2f908-51ab-40f5-912b-c446b3c3994f
ch.swisstopo.pixelkarte-pk25.metadata;78f00172-59ec-4b38-9106-cdddfb40e514
ch.swisstopo.pixelkarte-pk50.metadata;7cd16f54-34e9-43ba-b65c-39461c03495e
ch.swisstopo.schneeschuhwandern;56c1795e-c074-4731-9766-9a44050dc2a8
ch.swisstopo.segelflugkarte_papier.metadata;93e6ad22-c902-42a4-9ab7-f311a91c21ea
ch.swisstopo.skitourenkarte-50.metadata;43a069dd-93ef-4459-81ca-d2cdd7f3b56f
ch.swisstopo.strassenkarte-200;86171e63-5017-48f3-beb7-0ff73f8afa63
ch.swisstopo.strassenkarte200_papier.metadata;6749c3c9-f8eb-413c-9168-ad5860dc2e7f
ch.swisstopo.swissbathy3d-reliefschattierung;81949e93-f552-42b6-ab4b-5a2d529a7768
ch.swisstopo.swissboundaries3d-bezirk-flaeche.fill;e1b8837d-8c19-4b65-a8b5-21aaff44fa91
ch.swisstopo.swissboundaries3d-gemeinde-flaeche.fill;9961dc6c-20a9-4b16-8a24-b20c3d8ddb83
ch.swisstopo.swissboundaries3d-kanton-flaeche.fill;9eee6d40-f0a6-46c9-94ad-69679b9f3d38
ch.swisstopo.swissboundaries3d-land-flaeche.fill;c5bd42e6-033f-4d43-a398-320b42538798
ch.swisstopo.swissimage-product.metadata;1fc43fd9-f43f-4779-aa59-51e8f4833372
ch.swisstopo.swiss-map-vector25.metadata;30421285-422d-4dd8-b16b-cada46c71b7f
ch.swisstopo.swisssurface3d.metadata;a1a07baa-2dfc-458e-91e7-b1710ce1de1d
ch.swisstopo.swisssurface3d-raster.metadata;36ad08cb-ba6b-4bd4-9960-c809a1ff7a66
ch.swisstopo.swisstlm3d-eisenbahnnetz;b93d607a-9024-41c6-81c3-cbd311d00a44
ch.swisstopo.swisstlm3d-gewaessernetz;3dc772fe-8356-4a9a-8663-ce5159a42de7
ch.swisstopo.swisstlm3d-karte-farbe;b353f39c-6349-49e0-97d0-c522fc2fbf0f
ch.swisstopo.swisstlm3d-karte-grau;ea59f826-b408-4657-a393-6fec178b2e30
ch.swisstopo.swisstlm3d-strassen;be285f33-0373-4882-b911-de402bcdfeb4
ch.swisstopo.swisstlm3d-uebrigerverkehr;ffc0267e-aca8-49ac-8f3e-86c9beca51f2
ch.swisstopo.swisstlm3d-wald;cdb289d5-db16-4440-8529-5807a262f6a2
ch.swisstopo.swisstlm3d-wanderwege;4a064664-a346-4c1a-b424-4e8a0f0b56cb
ch.swisstopo.transformation-bezugsrahmen_hoehe;b3362599-3bc6-4615-a290-546792f89c83
ch.swisstopo.transformationsgenauigkeit;579e0ecf-6700-4652-81f5-bf0e28f2fcd6
ch.swisstopo.treasurehunt;ffda4480-52ca-4463-aac4-0a58bf87e5b5
ch.swisstopo-vd.geometa-gemeinde;9114e8ee-f90c-4c05-af2e-0fe999f833bb
ch.swisstopo-vd.geometa-grundbuch;dad4a841-708b-4a99-94bc-743bb28e0ab0
ch.swisstopo-vd.geometa-nfgeom;601959f6-8345-429e-884c-8f0d37c414da
ch.swisstopo-vd.geometa-standav;1a848168-d629-4422-8097-c94a63164845
ch.swisstopo-vd.spannungsarme-gebiete;c8b1a15e-b4db-49b0-ad3a-5b113c072fca
ch.swisstopo-vd.stand-oerebkataster;fb60594e-2b16-45af-9bc0-b444035070f5
ch.swisstopo.vec200-adminboundaries-protectedarea;37c78660-531a-404c-86f8-8cdde0c3d985
ch.swisstopo.vec200-building;fca926e5-99ee-4cc2-bec4-778a5f1ebda5
ch.swisstopo.vec200-hydrography;f22843ce-ee17-43b3-adc8-ad7015043984
ch.swisstopo.vec200-landcover;cfbd4793-4225-4743-942b-d9b97acfbfcc
ch.swisstopo.vec200-miscellaneous;2ba45ce9-b062-4792-95ba-9bbc8d840652
ch.swisstopo.vec200-miscellaneous-geodpoint;e93697f6-2c2a-4774-94ea-bb95d17aba6e
ch.swisstopo.vec200-names-namedlocation;4af350f6-2df1-4b5b-947f-6d65aea528f8
ch.swisstopo.vec200-transportation-oeffentliche-verkehr;dbcb87f1-3704-4eb6-8bd4-efed536bbf56
ch.swisstopo.vec200-transportation-strassennetz;2816b787-2508-42c8-8dec-094d68f5f094
ch.swisstopo.vec25-anlagen;67047f47-13d7-491a-bb7e-bb2c8016582d
ch.swisstopo.vec25-einzelobjekte;5fb1376e-554a-4bcc-9c1d-e0b9b39d7aaa
ch.swisstopo.vec25-gebaeude;112c4f0e-0755-44bb-bdb0-249e9c56f8bb
ch.swisstopo.vec25-gewaessernetz_referenz;0351bc2e-3cdc-4e8a-b422-0142e494e7b4
ch.swisstopo.vec25-heckenbaeume;664aacf5-91f8-43b1-a6b4-f01eca6cc082
ch.swisstopo.vec25-primaerflaechen;fb4c7281-bd58-4aae-b86a-3a73ba82e0aa
ch.swisstopo.verschiebungsvektoren-tsp1;b7630e06-7e06-4ab0-9ed5-9fd2e66b6433
ch.swisstopo.verschiebungsvektoren-tsp2;fcd80c13-8824-4c3b-835b-95172eb9e4e6
ch.swisstopo.wanderkarte25-zus_papier.metadata;a5024779-07a8-4773-8459-05b19253b6e1
ch.swisstopo.wanderkarte33_papier.metadata;8c9e8d34-63d5-4526-b030-67de7dc7448a
ch.swisstopo.wanderkarte50_papier.metadata;52a80350-0a23-487b-a164-8d5e7686336e
ch.vbs.armee-kriegsdenkmaeler;acc444ae-742f-4832-9dad-ec027f7b85b8
ch.vbs.armeelogistikcenter;ae538f59-74af-4ed4-999b-66cfb52c36de
ch.vbs.bundestankstellen-bebeco;7f8c99f2-7736-4fe6-8d69-0af201f01526
ch.vbs.grunddispositiv-zeus;6441b459-e9c6-41a7-b88d-5529c3b1d003
ch.vbs.kataster-belasteter-standorte-militaer;d56dc013-2659-4664-8829-7e097dfa4173
ch.vbs.logistikraeume-armeelogistikcenter;270a2032-d346-42c5-a657-9129186f1f08
ch.vbs.milairspacechart;7cc94b45-7104-4187-92ea-d1f9a1f838ba
ch.vbs.panzerverschiebungsrouten;b0478e7d-63df-4ff8-b90c-336a2b5176db
ch.vbs.patrouilledesglaciers-a_rennen;30c41be6-0f35-4caa-aeda-45f8705911fb
ch.vbs.patrouilledesglaciers-z_rennen;64d14c1a-25bb-4bf5-bad3-057823a334ef
ch.vbs.retablierungsstellen;e436f7aa-3d59-4f4e-8940-46d2b181a9b4
ch.vbs.sachplan-infrastruktur-militaer_anhoerung;4817187f-700e-4588-94d6-0873fd23febd
ch.vbs.sachplan-infrastruktur-militaer_kraft;5263bc47-8723-4c02-988a-4ae0d425099c
ch.vbs.schiessanzeigen;49b2cd7e-8513-4c8f-b3e6-ca8cd922b1cc
ch.vbs.sperr-gefahrenzonenkarte;ef594c48-dcc6-4e22-894d-db65873637a3
ch.vbs.territorialregionen;f1d7d608-74d7-46fc-a478-b4357409f34b
ch.vbs.waldschadenkarte;2ff2299e-55b5-4ec7-bb92-fbb06e7ee422
org.epsg.grid_2056;f1c937a2-0066-4476-ad9b-4b621261a6ec
org.epsg.grid_21781;e63b269a-d32f-41ac-90a5-e330b0951ce8
org.epsg.grid_4326;88c19d33-d5e3-4ea7-ab98-c44fbda6cf0f
